pos,Vas
posY,VasY
stone,Worth
Radius,Hawaii
stoneRadius,WorthHawaii
delay,Enjoy
Time,Sway
delayTime,EnjoySway
move,Neon
moveTime,NeonSway
moving,Satire
Flog,Limy
movingFlog,SatireLimy
Seq,Sad
movingSeq,SatireSad
Newrove,Onetime
Oldtop,Cither
Slot,Much
Obstruction,Instructive
Slot_Obstruction,Much_Instructive
Slot_Obstruction_1,Much_Instructive_1
Slot_Obstruction_2,Much_Instructive_2
Bottom,Fuller
Slot_Bottom_1,Much_Fuller_1
Top,Ear
SlotTop,MuchEar
Plane,Ridge
Image,Egypt
Arrow,Pluck
Pusher,Denial
mat,Box
Pusher_mat,Denial_Box
Bottom_mat,Fuller_Box
Hold,Open
Hold_mat,Open_Box
material,Platelet
Id,To
materialId,PlateletTo
scroll,Weight
Speed,Raven
scrollSpeedX,WeightRavenX
scrollSpeedY,WeightRavenY
rend,Bear
boxgroup,Redesign
Need,Baby
Delete,Intend
NeedDelete,BabyIntend
is,Ax
Test,Loop
isTest,AxLoop
Keys,Show
CHANNEL,CHANNEL
ID,ID
CHANNEL_ID,CHANNEL_ID
url,Ape
Scheme,Farmer
urlScheme,ApeFarmer
pool,King
prefab,Inside
Parent,Onward
prefabParent,InsideOnward
object,Tomato
Name,Hail
objectName,TomatoHail
hand,High
Img,Mad
handImg,HighMad
step,Bard
Btn,Web
step1Btn,Bard1Web
step2Btn,Bard2Web
step3Btn,Bard3Web
step4Btn,Bard4Web
cash,Sink
Mask,Word
Obj,Cop
cashMaskObj,SinkWordCop
gold,Code
goldImg,CodeMad
cashImg,SinkMad
amazon,Unseen
amazonImg,UnseenMad
roll,Nail
Cash,Dust
rollCashImg,NailDustMad
reward,Summer
Num,God
Text,Port
rewardNumText,SummerGodPort
Type,Once
rewardType,SummerOnce
rewardNum,SummerGod
Init,Pass
Group,Roost
InitGroup,PassRoost
template,Validity
Multi,Messy
Object,Wander
templateMultiObject,ValidityMessyWander
item,Ploy
Width,Quina
itemWidth,PloyQuina
progress,Employee
progressImg,EmployeeMad
fever,Tooth
Limit,Sight
feverLimit,ToothSight
feverTime,ToothSway
current,Thunder
currentTime,ThunderSway
Ball,Fast
currentBall,ThunderFast
Fever,Close
isFeverTime,AxCloseSway
start,Total
startCash,TotalDust
end,Nut
endCash,NutDust
pass,Pest
passFeverTime,PestCloseSway
push,Wolf
pushObj,WolfCop
slot,Then
slotObj,ThenCop
game,Fare
Lock,Rome
gameLock,FareRome
isLock,AxRome
skill,Plaza
Wall,Tide
skillWall,PlazaTide
Long,Obey
skillLong,PlazaObey
Coin,View
cashCoinObj,SinkViewCop
skillLongText,PlazaObeyPort
skillWallText,PlazaTidePort
slotNumText,ThenGodPort
cashCoinNumText,SinkViewGodPort
skillWallTime,PlazaTideSway
skillLongTime,PlazaObeySway
cashCoinTime,SinkViewSway
Flag,With
slotFlag,ThenWith
currentBallNum,ThunderFastGod
ball,Half
ballLimit,HalfSight
multiball,Adversity
Cd,Or
multiballCd,AdversityOr
passFlag,PestWith
cd,So
cdTime,SoSway
steel,Chest
steelBallLock,ChestFastRome
coin,Bond
Pagoda,Eleven
Perfab,Viewer
coinPagodaPerfab,BondElevenViewer
block,Front
Action,Unload
blockAction,FrontUnload
First,Sense
isFirst,AxSense
fx,At
Poolgroup,Treatment
fx_Poolgroup,At_Treatment
fx_Poolgroup_1,At_Treatment_1
text,Grid
text_Poolgroup,Grid_Treatment
Box,Ice
slotBox,ThenIce
skillWallGroup,PlazaTideRoost
Creater,Involve
ballCreater,HalfInvolve
pushSeq,WolfSad
slotBoxSeq,ThenIceSad
normal,Virtue
normalLong,VirtueObey
add,Oat
addLong,OatObey
Move,Must
pushMoveTime,WolfMustSway
Interval,Ornament
pushInterval,WolfOrnament
Push,Sour
feverPushMoveTime,ToothSourMustSway
feverPushInterval,ToothSourOrnament
All,Eye
pushAll,WolfEye
init,Book
z,z
init_z,Book_z
In,At
Add,Sky
isInAddLong,AxInSkyObey
addLongTime,OatObeySway
Up,No
isInWallUp,AxAtTideNo
wall,Beng
wallUpTime,BengNoSway
isPushAll,AxSourEye
Finish,Purely
pushAllFinish,WolfEyePurely
Pool,Luce
fx_Pool,At_Luce
fx_Pool_1,At_Luce_1
Text_Pool,Port_Luce
Item,Less
rewardItemPerfab,SummerLessViewer
rewardItemGroup,SummerLessRoost
fxPool,AtLuce
fxPool_1,AtLuce_1
TextPool,PortLuce
max,Cud
Bucket,Stable
maxBucketNum,CudStableGod
currentBucketNum,ThunderStableGod
Column,Twelve
ColumnGroup,TwelveRoost
center,Summer
Door,Topi
centerDoor,centerTopi
fX,fX
fX_Fever,fX_Close
Big,Lug
Win,Bad
BigWin,LugBad
fX_BigWin,fX_LugBad
BoxGroup,IceRoost
fX_BoxGroup,fX_IceRoost
have,Grip
Little,Backup
Game,Lade
haveLittleGame,GripBackupLade
Pause,Haste
isPause,AxHaste
isPushFever,AxSourClose
isPushBigWin,AxSourLugBad
waiting,Calcite
Drop,Gold
Count,Rigor
waitingDropCoinCount,CalciteGoldViewRigor
Open,Epic
Or,No
Close,Folly
OpenOrCloseObj,EpicOrFollyCop
ad,We
Reward,Secret
adRewardCDTime,WeSecretCDSway
Unlock,Picnic
isPagodaUnlock,AxElevenPicnic
big,Wet
End,Ill
bigWinEndTime,WetBadIllSway
x,x
y,y
rx,No
ry,Dy
rz,So
goldCoinPerfab,CodeViewViewer
goldCoinPerfab_1,CodeViewViewer_1
goldCoinPerfab_5,CodeViewViewer_5
goldCoinPerfab_10,CodeViewViewer_10
goldCoinPerfab_50,CodeViewViewer_50
goldCoinPerfab_100,CodeViewViewer_100
goldCoinPerfab_200,CodeViewViewer_200
goldCoinPerfab_500,CodeViewViewer_500
cashCoinPerfab,SinkViewViewer
cashCoinPerfab_1,SinkViewViewer_1
cashCoinPerfab_5,SinkViewViewer_5
cashCoinPerfab_10,SinkViewViewer_10
cashCoinPerfab_50,SinkViewViewer_50
cashCoinPerfab_100,SinkViewViewer_100
cashCoinPerfab_200,SinkViewViewer_200
cashCoinPerfab_500,SinkViewViewer_500
rollCashPerfab,NailDustViewer
gem,Cap
Diamond,Surplus
gemDiamondPerfab,CapSurplusViewer
Blue,Stag
gemBluePerfab,CapStagViewer
Red,Add
gemRedPerfab,CapAddViewer
golden,Faucet
goldenPerfab,FaucetViewer
scratch,Classic
Card,Reel
scratchCardPerfab,ClassicReelViewer
lucky,Gamma
luckyCardPerfab,GammaReelViewer
bigCoinPerfab,WetViewViewer
apple,Raven
applePerfab,appleViewer
Perfabs,Dogwood
rewardItemPerfabs,SummerLessDogwood
can,Dye
Play,Toss
Sound,Sewer
canPlaySound,DyeTossSewer
slotCount,ThenRigor
isSlotFlag,AxMuchWith
velocity,Theorist
slotGroup,ThenRoost
slotGroup01,ThenRoost01
slotGroup02,ThenRoost02
slotGroup03,ThenRoost03
in,Of
inLittleGame,OfBackupLade
Data,Bulk
slotObjData,ThenCopBulk
music,Award
musicFlag,AwardWith
Pass,Jazz
isPass,AxJazz
slotSeq,ThenSad
Cash_1,Dust_1
Cash_2,Dust_2
Cash_3,Dust_3
Skill,Erode
SkillWall,ErodeTide
SkillBigCoin,ErodeLugView
SkillLong,ErodeObey
Gem,Raw
GemBlue,RawStag
GemRed,RawAdd
GemDiamond,RawSurplus
Golden,Prefer
base,Text
baseSlotObj,TextMuchCop
List,Peal
slotObjList,ThenCopPeal
rewardObjList,SummerCopPeal
Index,Twain
maxIndex,CudTwain
rewardIndex,SummerTwain
Anim,Hurl
bigWinBGAnim,WetBadBGHurl
Word,Inca
bigWinWordAnim,WetBadIncaHurl
get,Why
More,Hang
getMoreBtn,WhyHangWeb
getBtn,WhyWeb
adImg,WeMad
getBtnText,WhyWebPort
rewardText,SummerPort
bigWinType,WetBadOnce
event,Creep
eventType,CreepOnce
goldBtn,CodeWeb
cashBtn,SinkWeb
amazonBtn,UnseenWeb
coinImg,BondMad
ballImg,HalfMad
Bar,Rag
cashBar,SinkRag
coinBar,BondRag
amazonBar,UnseenRag
ballBar,HalfRag
Normal,Verify
Window,Rugged
NormalWindow,VerifyRugged
PassWindow,JazzRugged
newgold,Buffalo
newgoldBtn,BuffaloWeb
Exchange,Listener
ExchangeBar,ListenerRag
ExchangeNumText,ListenerGodPort
New,Job
Setting,Whittle
NewSettingBtn,JobWhittleWeb
Gold,Rime
NewGoldNumText,JobRimeGodPort
goldNumText,CodeGodPort
cashNumText,SinkGodPort
amazonNumText,UnseenGodPort
ballNumText,HalfGodPort
setting,Compost
settingBtn,CompostWeb
gems,Teem
Store,Crowd
gemsStoreBtn,TeemCrowdWeb
test,Thai
testBtn,ThaiWeb
fly,Lot
Controller,Instrument
flyBoxController,LotIceInstrument
close,Video
closeBtn,VideoWeb
obj,Fen
objList,FenPeal
gemDataList,CapBulkPeal
slider,Unsung
sliderImage,UnsungEgypt
Slider,Lordly
PassSliderImage,JazzLordlyEgypt
progressText,EmployeePort
title,Allow
titleAnim,AllowHurl
async,Could
Load,Race
asyncLoad,CouldRace
gamebg,Result
passbg,Squirt
Old,Joy
OldPass,JoyJazz
NewPass,JobJazz
titleObj,AllowCop
Enter,Brawl
EnterBtn,BrawlWeb
progressObj,EmployeeCop
luckyCardList,GammaReelPeal
select,Turtle
selectObjList,TurtleCopPeal
Map,Arc
rewardMap,SummerArc
luckyObjDataList,GammaCopBulkPeal
Over,Sate
isOver,AxSate
on,Go
Thanks,Breech
Weight,Gospel
onThanksWeight,GoBreechGospel
this,Bill
thisCount,BillRigor
win,Lid
Max,Yew
winMaxCount,LidYewRigor
getRewardBtn,WhySecretWeb
ExchangeBtn,ListenerWeb
No,To
NoExchangeBtn,NoListenerWeb
ballNum,HalfGod
NeedNum,BabyGod
need,Prod
needNum,ProdGod
GoldBtn,RimeWeb
needGoldNum,ProdRimeGod
musicBtn,AwardWeb
sound,Moist
soundBtn,MoistWeb
vibration,Retentive
vibrationBtn,RetentiveWeb
On,Dy
musicOn,AwardOn
Off,Our
musicOff,AwardOur
soundOn,MoistDy
soundOff,MoistOur
vibrationOn,RetentiveDy
vibrationOff,RetentiveOur
Key,Yam
vibrationKey,RetentiveYam
normalSlot,VirtueMuch
Pop,Eat
rewardPop,SummerEat
rewardPop01,SummerEat01
rewardPop02,SummerEat02
rewardPop03,SummerEat03
param,Inuit
param2,Inuit2
param3,Inuit3
Stars,Knife
star,Shed
Sprite,Timely
star1Sprite,Shed1Timely
star2Sprite,Shed2Timely
target,Notion
targetCard,NotionReel
main,Barb
mainCard,BarbReel
card,Zone
Less,Near
Progress,Probable
cardLessProgress,ZoneNearProbable
targetNum,NotionGod
targetNum01,NotionGod01
targetNum02,NotionGod02
mainCardObjList,BarbReelCopPeal
targetCardFlag,NotionReelWith
mainCardFlag,BarbReelWith
scratchWinMaxCount,ClassicBadYewRigor
thisWinCount,BillBadRigor
targetNumList,NotionGodPeal
targetObj,NotionCop
Current,Extinct
CurrentRadius,ExtinctHawaii
Target,Albedo
TargetRadius,AlbedoHawaii
shrink,Belong
shrinkTime,BelongSway
Penetrate,Magnetism
eventPenetrate,CreepMagnetism
Velocity,Bedcover
shrinkVelocity,BelongBedcover
weight,Tycoon
num,Ice
reward_num,Summer_num
targetImage,NotionEgypt
Rect,Song
targetRect,NotionSong
padding,Meaning
Offset,Carbon
targetOffsetX,NotionCarbonX
targetOffsetY,NotionCarbonY
Canvas,Stripe
targetCanvas,NotionStripe
mask,Reef
maskRect,ReefSong
currentOffsetX,ThunderCarbonX
currentOffsetY,ThunderCarbonY
Pos,Ice
targetPosX,NotionPosX
targetPosY,NotionIceY
shrinkVelocityX,BelongBedcoverX
shrinkVelocityY,BelongBedcoverY
use,Map
useTargetObj,MapAlbedoCop
Audio,China
Mgr,Tip
AudioMgr,ChinaTip
Component,Botanical
Queue,Bison
AudioComponentQueue,ChinaBotanicalBison
MaxCount,YewRigor
AudioQueue,ChinaBison
m,m
bg,By
Music,Brown
bgMusic,ByBrown
m_bgMusic,m_ByBrown
Source,Ionize
PlayAudioSourceList,TossChinaIonizePeal
Check,Fauna
CheckInterval,FaunaOrnament
Bg,Me
Switch,Coarse
BgMusicSwitch,MeBrownCoarse
_BgMusicSwitch,_MeBrownCoarse
Effect,Clutch
EffectMusicSwitch,ClutchBrownCoarse
_EffectMusicSwitch,_ClutchBrownCoarse
Volume,Impart
BgVolume,MeImpart
_BgVolume,_MeImpart
EffectVolume,ClutchImpart
_EffectVolume,_ClutchImpart
BGM,BGM
BGM_Name,BGM_Hail
Dict,Bull
AudioSettingDict,ChinaWhittleBull
Clip,Plan
AudioClipDict,ChinaPlanBull
effect,Praise
effectNameGroup,PraiseHailRoost
Round,Spray
Digits,Sparse
RoundDigits,SpraySparse
frames,Guinea
framerate,Desirable
ignore,Sawyer
Scale,Lipid
ignoreTimeScale,SawyerSwayLipid
loop,Rear
curve,Wispy
image,Sully
sprite,Infect
Renderer,Trespass
spriteRenderer,InfectTrespass
Frame,Maize
currentFrameIndex,ThunderMaizeTwain
timer,Modus
Framerate,Pertinent
currentFramerate,ThunderPertinent
Target_Type,Albedo_Once
Layout,Liable
Layout_Type,Liable_Once
Run,Toe
Run_Time,Toe_Sway
Number,Senate
Layout_Number,Liable_Senate
adjust,Botany
adjustID,BotanyID
sv,Dy
Just,Hope
ADJustInitType,ADHopePassOnce
sv_ADJustInitType,sv_ADHopePassOnce
ADJustTime,ADHopeSway
sv_ADJustTime,Dy_ADHopeSway
MAX,MAX
SDK,SDK
KEY,KEY
MAX_SDK_KEY,MAX_SDK_KEY
REWARD,REWARD
MAX_REWARD_ID,MAX_REWARD_ID
INTER,INTER
MAX_INTER_ID,MAX_INTER_ID
retry,Slate
Attempt,Pattern
retryAttempt,SlatePattern
Showing,Wetland
Ad,Of
isShowingAd,AxWetlandAd
Network,Suspend
rewardNetworkName,SummerSuspendHail
Call,Nine
Back,Ploy
rewardCallBackAction,SummerNineBackUnload
Success,Ragtime
rewardSuccess,SummerRagtime
interstitial,Transmission
interstitialNetworkName,TransmissionSuspendHail
interstitialType,TransmissionOnce
interstitialIndex,TransmissionTwain
Playing,Finnish
Callbacks,Ambitious
adPlayingCallbacks,WeFinnishAmbitious
application,Translucent
Timestamp,Infertile
applicationPauseTimestamp,TranslucentHasteInfertile
Custom,Blower
RewardAdCustomData,SecretOfBlowerBulk
Interstitial,Participator
InterstitialAdCustomData,ParticipatorOfBlowerBulk
Rewardnum,Outnumber
InterstitialRewardnum,ParticipatorOutnumber
appid,Relic
dictionary,Assessment
Message,Fanwise
dictionaryMessage,AssessmentFanwise
value,Minor
Bool,When
valueBool,MinorWhen
valueBool2,MinorWhen2
Int,Wok
valueInt,MinorWok
valueInt2,MinorWok2
valueInt3,MinorWok3
Float,Genre
valueFloat,MinorGenre
valueFloat2,MinorGenre2
Double,Makeup
valueDouble,MinorMakeup
valueDouble2,MinorMakeup2
String,Smooth
valueString,MinorSmooth
valueString2,MinorSmooth2
valueGameObject,MinorLadeWander
valueGameObject2,MinorLadeWander2
valueGameObject3,MinorLadeWander3
valueGameObject4,MinorLadeWander4
Transform,Resonance
valueTransform,MinorResonance
valueStringList,MinorSmoothPeal
Vec,Pet
valueVec,MinorPet
valueVec2List,MinorPet2Peal
valueIntList,MinorWokPeal
message,Raccoon
messageCallBack,RaccoonNinePloy
vec,Top
vec2_1,Top2_1
vec2_2,Top2_2
Login,Stage
Url,Law
LoginUrl,StageLaw
Config,Shield
ConfigUrl,ShieldLaw
TimeUrl,SwayLaw
Adjust,Cavern
AdjustUrl,CavernLaw
sys,Bet
language,Threaten
sys_language,Bet_Threaten
App,Big
AppSH,BigSH
sys_AppSH,Bet_BigSH
Is,My
IsInitData,MyPassBulk
sv_IsInitData,Dy_MyPassBulk
sv_big_win_cash,Dy_Wet_Lid_Sink
msg,Raw
panel,Fluid
and,Key
msg_close_panel_and_start,msg_Video_Fluid_Key_Total
time,Tele
sv_fever_time_current,Dy_Tooth_Tele_Thunder
finish,Narrow
new,Ask
user,From
guide,Deter
sv_finish_new_user_guide,Dy_Narrow_Ask_From_Deter
bigwin,Detail
multi,Snout
sv_bigwin_weight_multi,Dy_Detail_Tycoon_Snout
Local,Pupil
User,Ever
LocalUserId,PupilEverTo
sv_LocalUserId,Dy_PupilEverTo
Server,Recoil
LocalServerId,PupilRecoilTo
sv_LocalServerId,Dy_PupilRecoilTo
Player,Longer
IsNewPlayer,MyJobLonger
sv_IsNewPlayer,Dy_MyJobLonger
Daily,Arise
Bouns,Cloud
Get,Tow
DailyBounsGetCount,AriseCloudTowRigor
sv_DailyBounsGetCount,Dy_AriseCloudTowRigor
Date,Toss
DailyBounsDate,AriseCloudDate
sv_DailyBounsDate,Dy_AriseCloudDate
Step,Most
NewUserStep,JobEverMost
sv_NewUserStep,Dy_JobEverMost
GoldCoin,RimeView
sv_GoldCoin,Dy_RimeView
Cumulative,Relatively
CumulativeGoldCoin,RelativelyRimeView
sv_CumulativeGoldCoin,Dy_RelativelyRimeView
sv_Cash,Dy_Dust
CumulativeCash,RelativelyDust
sv_CumulativeCash,Dy_RelativelyDust
Amazon,Coyote
sv_Amazon,Dy_Coyote
CumulativeAmazon,RelativelyCoyote
sv_CumulativeAmazon,Dy_RelativelyCoyote
sv_steel_ball_num,Dy_Chest_Half_Ice
CumulativeBall,RelativelyFast
sv_CumulativeBall,Dy_RelativelyFast
date,Toad
sv_steel_ball_date,Dy_Chest_Half_Toad
Total,Ankle
TotalGameTime,AnkleLadeSway
sv_TotalGameTime,Dy_AnkleLadeSway
Token,Troop
FirstGetToken,SenseTowTroop
sv_FirstGetToken,Dy_SenseTowTroop
Has,Bur
Show,Pear
Rate,Lull
Panel,Plank
HasShowRatePanel,BurPearLullPlank
sv_HasShowRatePanel,Dy_BurPearLullPlank
Lottery,Sparrow
CumulativeLottery,RelativelySparrow
sv_CumulativeLottery,Dy_RelativelySparrow
Already,Impress
Levels,Legume
AlreadyPassLevels,ImpressJazzLegume
sv_AlreadyPassLevels,Dy_ImpressJazzLegume
NewUserStepFinish,JobEverMostPurely
sv_NewUserStepFinish,Dy_JobEverMostPurely
task,Gild
level,Skull
count,Briny
sv_task_level_count,Dy_Gild_Skull_Briny
FirstSlot,SenseMuch
sv_FirstSlot,Dy_SenseMuch
Adid,Join
AdjustAdid,CavernJoin
sv_AdjustAdid,Dy_CavernJoin
trial,Exert
sv_ad_trial_num,Dy_We_Exert_Ice
total,Rodeo
sv_total_ad_num,Dy_Rodeo_We_Ice
first,Relax
bing,Levy
sv_first_bing_win_777,Dy_Relax_Levy_Lid_777
sv_first_bing_win_reward,Dy_Relax_Levy_Lid_Summer
show,Mine
msg_show_cash_mask,Raw_Mine_Sink_Reef
fiy,Dry
box,Its
sv_start_fiy_box,Dy_Total_Dry_Its
out,Wok
sv_first_cash_out,Dy_Relax_Sink_out
rate,Solo
us,Ox
msg_show_rate_us,Raw_Mine_Solo_Ox
again,Raven
sv_first_slot_again,Dy_Relax_Then_again
id,If
sv_normal_win_ad_id,Dy_Virtue_LIf_We_If
type,Weld
sv_normal_win_type,Dy_Virtue_Lid_Weld
sv_gems_type,Dy_Teem_Weld
nofirst,Subsist
sv_nofirst_add_ball,Dy_Subsist_Oat_Half
mg,Be
WindowOpen,RuggedEpic
mg_WindowOpen,Be_RuggedEpic
WindowClose,RuggedFolly
mg_WindowClose,Be_RuggedFolly
ui,Ox
levelcomplete,Amplification
mg_ui_levelcomplete,Be_ui_Amplification
addgold,Estuary
mg_ui_addgold,Be_Ox_Estuary
addtoken,Aircraft
mg_ui_addtoken,Be_Ox_Aircraft
addamazon,Horseback
mg_ui_addamazon,Be_Ox_Horseback
Suspend,Journey
GameSuspend,LadeJourney
mg_GameSuspend,Be_LadeJourney
path,Rime
path_GoldCoin_Sprite,path_RimeView_Timely
Dimond,Forbid
path_Token_Sprite_Dimond,Rime_Troop_Timely_Forbid
Gem_Blue,Raw_Stag
Gem_Red,Raw_Add
Gem_Diamond,Raw_Surplus
Gem_Golden,Raw_Prefer
Tex,Law
Tex_10,Tex_10
Tex_8,Law_8
BoxCount,IceRigor
TIMEOUT,TIMEOUT
Base,Gold
BaseUrl,BaseLaw
BaseLoginUrl,GoldStageLaw
BaseConfigUrl,GoldShieldLaw
BaseTimeUrl,GoldSwayLaw
BaseAdjustUrl,GoldCavernLaw
Code,Last
GameCode,LadeLast
From,Perm
DataFrom,BulkPerm
Channel,Journey
country,Machine
ConfigData,ShieldBulk
InitData,PassBulk
GameData,LadeBulk
Manager,Uncover
adManager,WeUncover
gaid,Open
aid,Peg
idfa,Mute
ready,Tread
ready_count,Tread_Briny
CheckCount,FaunaRigor
Event,Sense
Tracker,Someday
TrackerName,SomedayHail
Event_TrackerName,Event_SomedayHail
Ok,No
CheckOk,FaunaOk
_CheckOk,_FaunaOk
Str,Shy
UserDataStr,EverBulkShy
UserData,EverBulk
Info,Scan
GetUserInfoCount,TowEverScanRigor
GetSuccess,TowRagtime
Fail,Calm
GetFail,TowCalm
DEFAULT,DEFAULT
DEFAULT_TIMEOUT,DEFAULT_TIMEOUT
RETRY,RETRY
COUNT,COUNT
MAX_RETRY_COUNT,MAX_RETRY_COUNT
INTERVAL,INTERVAL
RETRY_INTERVAL,RETRY_INTERVAL
request,Gratify
Tasks,Smear
requestTasks,GratifySmear
Net,Sap
Work,Knot
NetWorkGetList,SapKnotTowPeal
Post,Plow
NetWorkPostList,SapKnotPlowPeal
URL,URL
Form,Peak
PostSuccess,PlowRagtime
PostFail,PlowCalm
PoolQueue,LuceBison
m_PoolQueue,m_LuceBison
PoolName,LuceHail
m_PoolName,m_LuceHail
m_Parent,m_Onward
m_MaxCount,m_YewRigor
Default,Orbital
DefaultMaxCount,OrbitalYewRigor
m_DefaultMaxCount,m_OrbitalYewRigor
Dic,Lop
PoolDic,LuceLop
m_PoolDic,m_LuceLop
Root,Tend
RootTransform,TendResonance
m_RootTransform,m_TendResonance
Toast,Photo
ToastText,PhotoPort
Start,Cabin
Refresh,Pottery
needStartRefresh,ProdCabinPottery
Adjust_TrackerName,Cavern_SomedayHail
Save,More
AP,AP
Save_AP,More_AP
Mode,Isle
NormalModeName,VerifyIsleHail
Distances,Wirephoto
Reason,Absurd
Log,Jet
StepLog,MostJet
flyBox,LotIce
timeInterval,TeleOrnament
_timeInterval,_TeleOrnament
_currentTime,_ThunderSway
isOnFlag,AxDyWith
boxImg,ItsMad
boxBtn,ItsWeb
bubble,Crisis
Gif,Zoo
bubbleGifImage,CrisisZooEgypt
seq,Beg
_seq1,_Beg1
_seq2,_Beg2
imageList,SullyPeal
speen,Bench
btn,Oat
btnBgY,btnMeY
silver,Purely
silverImg,silverMad
blue,Feel
blueImg,FeelMad
yellow,Massif
yellowImg,MassifMad
goldBarImg,CodeRagMad
sliderProgress,UnsungProbable
gemsNum,TeemGod
maxNum,CudGod
currentNum,ThunderGod
gemsDataItem,TeemBulkLess
thisGemType,BillRawOnce
bgGold,ByRime
Silver,Regain
bgSilver,ByRegain
bgTop,ByEar
over,Ibex
overImg,IbexMad
BG,BG
fx_Open,At_Epic
circle,Gather
circleImg,GatherMad
mainNumText,BarbGodPort
mainNum,BarbGod
scratchObjData,ClassicCopBulk
Shoot,Finch
Point,Trace
ShootPoint,FinchTrace
ballPerfab,HalfViewer
rotate,Mainly
rotateSeq,MainlySad
Light,Flora
column,Pebble
columnPerfab,PebbleViewer
columnList,PebblePeal
FX,FX
FX_Light,FX_Flora
index,Onset
countImage,BrinyEgypt
drop,Idea
dropCount,IdeaRigor
Haptic,Bottle
canHaptic,DyeBottle
shoot,Affix
shootPoint,AffixTrace
ballPanel,HalfPlank
plate,Sweet
plateWidth,SweetQuina
all,Cap
allWidth,allQuina
allBoxList,CapIcePeal
ballPool,HalfLuce
touch,Split
touchLock,SplitRome
Button,Breech
CloseButton,FollyButton
AdjustAdidText,CavernJoinPort
ServerIdText,RecoilToPort
Act,Cup
Counter,Nervous
ActCounterText,CupNervousPort
AdjustTypeText,CavernOncePort
Reset,Crest
ResetActCountButton,CrestCupRigorBreech
AddActCountButton,SkyCupRigorBreech
Last,Spew
LastPlayTimeCounterText,SpewTossSwayNervousPort
Counter101Text,Nervous101Port
Counter102Text,Nervous102Port
Counter103Text,Nervous103Port
Trial,Brave
TrialNumText,BraveGodPort
Rewarded,Cheerful
PlayRewardedAdButton,TossCheerfulOfBreech
PlayInterstitialAdButton,TossParticipatorOfBreech
NoThanksButton,ToBreechBreech
TrialNumButton,BraveGodBreech
TimeInterstitialText,SwayParticipatorPort
PauseTimeInterstitialButton,HasteSwayParticipatorBreech
Resume,Retool
ResumeTimeInterstitialButton,RetoolSwayParticipatorBreech
AppSetting,BigWhittle
_AppSetting,_BigWhittle
SYS,SYS
PATH,PATH
CANVAS,CANVAS
SYS_PATH_CANVAS,SYS_PATH_CANVAS
UIFORMS,UIFORMS
CONFIG,CONFIG
INFO,INFO
SYS_PATH_UIFORMS_CONFIG_INFO,SYS_PATH_UIFORMS_CONFIG_INFO
TAG,TAG
SYS_TAG_CANVAS,SYS_TAG_CANVAS
NORMAL,NORMAL
NODE,NODE
SYS_NORMAL_NODE,SYS_NORMAL_NODE
FIXED,FIXED
SYS_FIXED_NODE,SYS_FIXED_NODE
POPUP,POPUP
SYS_POPUP_NODE,SYS_POPUP_NODE
TOP,TOP
SYS_TOP_NODE,SYS_TOP_NODE
SCRIPTMANAGER,SCRIPTMANAGER
SYS_SCRIPTMANAGER_NODE,SYS_SCRIPTMANAGER_NODE
Click,Adult
onClick,GoAdult
Down,Code
onDown,GoDown
onEnter,GoBrawl
Exit,Dare
onExit,GoDare
onUp,GoNo
Select,Exceed
onSelect,GoExceed
Update,Tenant
onUpdateSelect,GoTenantExceed
dic,Lap
Messages,Workshop
dicMessages,LapWorkshop
_dicMessages,_LapWorkshop
_Key,_Yam
Values,Sludge
_Values,_Sludge
Instance,Variance
_Instance,_Variance
ht,Me
Go,Ox
GoCanvasRoot,GoStripeTend
_GoCanvasRoot,_GoStripeTend
Tra,Yet
Scripts,Average
Node,List
TraUIScriptsNode,YetUIAverageList
_TraUIScriptsNode,_YetUIAverageList
To,No
GoToPanel,OxToPlank
_GoToPanel,_OxToPlank
GoMaskPanel,OxWordPlank
_GoMaskPanel,_OxWordPlank
Camera,Uproot
UICamera,UIUproot
_UICamera,_UIUproot
Original,Dramatic
Depth,Realm
OriginalUICameraDepth,DramaticUIUprootRealm
_OriginalUICameraDepth,_DramaticUIUprootRealm
Instatnce,Sensitive
_Instatnce,_Sensitive
Lauguage,Mandible
Cache,Tonal
DicLauguageCache,LopMandibleTonal
_DicLauguageCache,_LopMandibleTonal
CurrentUIType,ExtinctUIOnce
_CurrentUIType,_ExtinctUIOnce
button,Poorly
close_button,Video_Poorly
Main,Crop
MainCanvas,CropStripe
Forms,Stain
Paths,Orbit
DicFormsPaths,LopStainOrbit
_DicFormsPaths,_LopStainOrbit
DicALLUIForms,LopALLUIStain
_DicALLUIForms,_LopALLUIStain
Sta,Vas
StaCurrentUIForms,StaExtinctUIStain
_StaCurrentUIForms,_StaExtinctUIStain
DicCurrentShowUIForms,LopExtinctPearUIStain
_DicCurrentShowUIForms,_LopExtinctPearUIStain
Wait,Moat
WaitUIForms,MoatUIStain
_WaitUIForms,_MoatUIStain
Transfrom,Stimulate
TraCanvasTransfrom,YetStripeStimulate
_TraCanvasTransfrom,_YetStripeStimulate
TraNormal,YetVerify
_TraNormal,_YetVerify
Fixed,Magma
TraFixed,YetMagma
_TraFixed,_YetMagma
TraPopUp,YetEatNo
_TraPopUp,_YetEatNo
_Top,_Ear
TraUIScripts,YetUIAverage
_TraUIScripts,_YetUIAverage
PanelName,PlankHail
PanelNameList,PlankHailPeal
Clear,South
Reverse,Counter
Change,Senate
IsClearReverseChange,MySouthCounterChange
mypageview,Physiology
rect,Body
posList,VasPeal
Drag,Seed
isDrag,AxSeed
stop,Slip
stopMove,SlipMust
Horizontal,Impossible
targetHorizontal,NotionImpossible
startDragHorizontal,TotalSeedImpossible
smooting,Diagonal
sensitivity,Celebratory
Page,Moat
OnPageChange,DyPageSenate
currentPageIndex,ThunderMoatTwain
Cell,Dirt
itemCell,PloyDirt
scrollRect,WeightSong
content,Kinship
spacing,Fashion
totalWidth,RodeoQuina
Height,Winter
totalHeight,RodeoWinter
visible,Sleeper
visibleCount,SleeperRigor
Clac,Work
isClac,AxWork
startIndex,TotalTwain
last,Gain
lastIndex,GainTwain
itemHeight,PloyWinter
itemList,PloyPeal
visibleList,SleeperPeal
allList,CapPeal
Volmue,Sector
EffectVolmue,ClutchSector
Frames,Retail
Ignore,Spinet
IgnoreTimeScale,SpinetSwayLipid
Loop,Holy
currentCount,ThunderRigor
_currentCount,_ThunderRigor
lastPlayTimeCounter,GainTossSwayNervous
counter,Moisten
counter101,Moisten101
counter102,Moisten102
counter103,Moisten103
pause,Mural
pauseTimeInterstitial,MuralSwayParticipator
Package,Swallow
PackageName,SwallowHail
AdjustTracker,CavernSomeday
Ready,Drive
AdjustTracker_Ready,CavernSomeday_Drive
Request,Hormone
RequestId,HormoneTo
Headers,Trestle
OnSuccess,DyRagtime
OnFail,DyCalm
Retry,Trick
RetryCount,TrickRigor
Timeout,Balloon
Running,Mystery
IsRunning,MyMystery
Web,Tap
WebRequest,TapHormone
Raw,Too
RawData,TooBulk
GetNetWorkGetListCount,TowSapKnotTowPealRigor
GetNetWorkPostListCount,TowSapKnotPlowPealRigor
Prefab,Encase
DataCount,BulkRigor
Line,Verb
LineHeight,VerbWinter
Stop,Lump
Moving,Shovel
StopMoving,LumpShovel
Re,At
ReStartMoving,ReCabinShovel
MovingAct,ShovelCup
State,Purge
CheckObjState,FaunaCopPurge
Icon,Lord
IconUp,LordNo
PopShow,EatPear
Hide,Afar
PopHide,EatAfar
ChangeNumber,SenateSenate
Level,Weedy
LevelUp,WeedyNo
Value,Awful
ChangeSliderValue,SenateLordlyAwful
Home,Deft
HomeShow,DeftPear
HomeHide,DeftAfar
GoldMove,RimeMust
Best,Acid
GoldMoveBest,RimeMustAcid
Bank,Find
BankCashMove,FindDustMust
Star,Teem
StarBoxMove,StarIceMust
StarBoxRewardShow,TeemIceSecretPear
Con,Sex
LevelUnlockIConScale,WeedyPicnicISexLipid
Bonus,Flair
Ani,Dry
DailyBonusAni,AriseFlairAni
Breathe,Ratchet
Jump,Lift
IconJump,LordLift
OVOMove,OVOMust
Scroll,Choice
HorizontalScroll,ImpossibleChoice
Idle,Toss
IconIdle,LordIdle
Collect,Diverse
CollectAni,DiverseDry
Animaiton,Astronomy
FeverAnimaiton,CloseAstronomy
CollectRewardAni,DiverseSecretDry
Print,Smelt
Merge,Swear
getCameraWidth,WhyUprootQuina
getCameraHeight,WhyUprootWinter
World,Await
getWorldPoint,WhyAwaitTrace
Nearest,Fresher
GetNearestGameObject,TowFresherLadeWander
Angle,Vague
PointToAngle,TraceNoVague
Angle180To360,Vague180No360
Unity,Graze
Direction,Celebrate
GetUnityDirection,TowGrazeCelebrate
Texture,Respect
True,Role
Size,Foil
getTextureTrueSize,WhyRespectRoleFoil
getSpriteSize,WhyTimelyFoil
Touch,Noisy
Position,Subtlety
getTouchPosition,WhyNoisySubtlety
getWeightIndex,WhyGospelTwain
Random,Ballad
Sequence,Democrat
GetRandomSequence,TowBalladDemocrat
Dictionary,Constitute
StringToDictionary,SmoothNoConstitute
DictionaryToString,ConstituteNoSmooth
Day,Ask
Diff,Dome
DayDateDiff,DayTossDome
Sec,Ray
SecDateDiff,RayTossDome
DateDiff,TossDome
At,Ax
GetPosAtText,TowIceAtPort
Distance,Grandeur
By,At
Area,Vary
DistanceByArea,GrandeurByVary
Encrypt,Anemone
EncryptDES,AnemoneDES
Decrypt,Furnace
DecryptDES,FurnaceDES
Notification,Ethnographic
Permission,Inevitably
RequestNotificationPermission,HormoneEthnographicInevitably
Initialize,Conversion
Notifications,Unfortunately
InitializeNotifications,ConversionUnfortunately
ClearNotification,SouthEthnographic
Create,Comedy
CreateNotificationChannel,ComedyEthnographicJourney
Send,Cany
Immediate,Steamboat
SendImmediateNotification,CanySteamboatEthnographic
Schedule,Sometime
ScheduleNotification,SometimeEthnographic
InitPoolManager,PassLuceUncover
Buffer,Ethnic
BufferPoolAddItem,EthnicLuceSkyLess
GetObject,TowWander
CloseAll,FollyEye
Destroy,Sixteen
DestroyAll,SixteenEye
StartAnim,CabinHurl
ShowStep,PearMost
ShowStep2Btn,PearMost2Web
ShowStep3Btn,PearMost3Web
ShowStep4Btn,PearMost4Web
StartGame,CabinLade
ShowCashMask,PearDustWord
CloseImg,FollyMad
ShowImg,PearMad
ChangeNumAnim,SenateGodHurl
GetNormalWinReward,TowVerifyBadSecret
InitMulti,PassMessy
Take,Salt
TakeSlot,SaltMuch
addPusherReward,OatDenialSecret
Plinko,Entomb
getPlinkoCoinCount,WhyEntombViewRigor
Auto,Cult
getAutoDropAdType,WhyCultGoldOfOnce
getSlotRewardData,WhyMuchSecretBulk
showSkillWallTime,MineErodeTideSway
showSkillLongTime,MineErodeObeySway
showDropCashCoinCount,MineGoldDustViewRigor
bigWinEnd,WetBadIll
feverEnd,ToothIll
getGoldCoinNum,WhyRimeViewGod
getCashCoinNum,WhyDustViewGod
StopFever,LumpClose
ReStartFeverTime,AtCabinCloseSway
ClearData,SouthBulk
AddFeverBall,SkyCloseFast
StartFeverTime,CabinCloseSway
CloseFeverTime,FollyCloseSway
RefreshProgress,PotteryProbable
InitGameData,PassLadeBulk
InitNewData,PassJobBulk
GetGold,TowRime
GetCumulativeGoldCoin,TowRelativelyRimeView
AddGold,SkyRime
GetCash,TowDust
GetCumulativeCash,TowRelativelyDust
AddCash,SkyDust
GetAmazon,TowCoyote
GetCumulativeAmazon,TowRelativelyCoyote
AddAmazon,SkyCoyote
GetBall,TowFast
AddBall,SkyFast
AddGem,SkyRaw
gameInit,FarePass
CheckSlot,FaunaMuch
Restart,Amateur
GameRestart,LadeAmateur
GameStop,LadeLump
Lucky,Split
ShowLuckyCardPanel,PearLuckyReelPlank
Scratch,Disease
ShowScratchCardPanel,PearDiseaseReelPlank
Jewelry,Dispose
ShowJewelryStorePanel,PearDisposeCrowdPlank
ShowSettingPanel,PearWhittlePlank
ShowNewSettingPanel,PearJobWhittlePlank
ShowMoreRewardPanel,PearHangSecretPlank
ShowMoreDropCoinPanel,PearHangGoldViewPlank
ShowMoreSlotPanel,PearHangMuchPlank
Us,Me
ShowRateUsPanel,PearLullUsPlank
CloseLock,FollyRome
ShowBigRewardPanel,PearLugSecretPlank
ShowNormalRewardPanel,PearVerifySecretPlank
Roll,Fill
ShowCashRollReward,PearDustFillSecret
ShowSkillLongAct,PearErodeObeyCup
CloseSkillLongAct,FollyErodeObeyCup
ShowSkillWallAct,PearErodeTideCup
CloseSkillWallAct,FollyErodeTideCup
StartSkillLong,CabinErodeObey
StartSkillWall,CabinErodeTide
ShowSlotNum,PearMuchGod
ShowCashCoinNum,PearDustViewGod
Timer,Oxide
SkillLongTimer,ErodeObeyOxide
SkillWallTimer,ErodeTideOxide
CashCoinTimer,DustViewOxide
DropBall,GoldFast
For,Dye
Apple,Under
DropCoinForApple,GoldViewForUnder
Steel,Vague
AddSteelBall,SkySteelFast
RefreshData,PotteryBulk
Recover,Healthy
RecoverSteelBall,HealthyVagueFast
RecoverSteelBallTime,HealthyVagueFastSway
ChangeSteelBallLock,SenateVagueFastRome
creat,Pound
creatCoinPagoda,PoundViewEleven
set,Lad
Block,Noble
setBlockAction,LadNobleUnload
pushStartMove,WolfCabinMust
pushPauseMove,WolfHasteMust
pushResumeMove,WolfRetoolMust
pushAddLong,WolfSkyObey
addLongEndWaitTime,OatObeyIllMoatSway
setWallUp,LadTideNo
wallUpEndWaitTime,BengNoIllMoatSway
setWallDown,LadTideCode
pushAllMove,WolfEyeMust
boxStartMove,ItsCabinMust
slotBoxPauseMove,ThenIceHasteMust
slotBoxResumeMove,ThenIceRetoolMust
CloseSlotBox,FollyMuchIce
startPusher,TotalDenial
pausePusher,MuralDenial
resume,Scanty
resumePusher,ScantyDenial
pauseRewardItem,MuralSecretLess
resumeRewardItem,ScantySecretLess
getDropReward,WhyGoldSecret
startSlot,TotalMuch
auto,Lobe
autoDropAdReward,LobeGoldOfSecret
pauseAutoDropAdReward,MuralCultGoldOfSecret
resumeAutoDropAdReward,ScantyCultGoldOfSecret
autoDropAdRewardWaitTime,LobeGoldOfSecretMoatSway
bigCoinDrop,WetViewGold
Shake,Shelf
bigCoinShake,WetViewShelf
Five,Safe
dropFiveCashFromUp,IdeaSafeDustPermNo
dropFiveFromUpWaitTime,IdeaSafePermNoMoatSway
dropFromUp,IdeaPermNo
getRewardItem,WhySecretLess
Active,Aboard
coinPagodaActive,BondElevenAboard
bigWinEndWaitTime,WetBadIllMoatSway
feverStart,ToothCabin
feverEndWaitTime,ToothIllMoatSway
PlayFever,TossClose
AddBucketNum,SkyStableGod
Euler,Labor
Angles,Stance
getRandomEulerAngles,WhyBalladLaborStance
save,Hint
saveAllRewardItem,HintEyeSecretLess
load,Yard
loadAllRewardItem,YardEyeSecretLess
initRewardItem,BookSecretLess
initGoldCoin,BookRimeView
initCashCoin,BookDustView
One,Age
PlayOneSlot,TossAgeMuch
AddSlotCount,SkyMuchRigor
Do,My
DoSlot,DoMuch
ReDoSlot,AtMyMuch
Rigidbody,Siliceous
pauseRigidbody,MuralSiliceous
resumeRigidbody,ScantySiliceous
RefreshSlotGroup,PotteryMuchRoost
SlotStop,MuchLump
SlotReStart,MuchAtCabin
StartSlot,CabinMuch
MoveAct,MustCup
PlaySlot,TossMuch
ShowThanksPanel,PearBreechPlank
PlaySlotMusic,TossMuchBrown
CloseSlotBG,FollyMuchBG
InitDataRandom,PassBulkBallad
InitDataByData,PassBulkAtBulk
CreateRewardObj,ComedySecretCop
ReInit,AtPass
InitAnim,PassHurl
GetReward,TowSecret
ClosePanel,FollyPlank
Wallet,Teacup
RefreshWallet,PotteryTeacup
Animation,Ingenuity
GoldAddAnimation,RimeSkyIngenuity
CashAddAnimation,DustSkyIngenuity
AmazonAddAnimation,CoyoteSkyIngenuity
AddAnimation,SkyIngenuity
CloseLuckyCardPanel,FollySplitReelPlank
InitLuckyCard,PassSplitReel
DoAct,MyCup
OpenLock,EpicRome
AddRewardMap,SkySecretArc
ShowBonusPanel,PearFlairPlank
AddSelectList,SkyExceedPeal
This,Hall
CloseThisPanel,FollyHallPlank
GetSlotIndex,TowMuchTwain
Param,Flask
GetParam,TowFlask
GetParam3,TowFlask3
CloseNormalPanel,FollyVerifyPlank
light,Reuse
lightStart,ReuseCabin
closePanel,VideoPlank
ShowLittleBonusPanel,PearBackupFlairPlank
ShowScratchBonus,PearDiseaseFlair
GetRandomObjNum,TowBalladCopGod
GetTargetList,TowAlbedoPeal
CloseScratchCardPanel,FollyDiseaseReelPlank
initMulti,BookMessy
Set,Gun
SetTargetImage,GunAlbedoEgypt
SetTargetRect,GunAlbedoSong
Parameters,Despondent
UpdateTargetParameters,TenantAlbedoDespondent
SetTarget,GunAlbedo
WorldToCanvasPos,AwaitNoStripeIce
InitAudioSourceQueue,PassChinaIonizeBison
Audo,Knap
AddAudioSourceForAudoMgr,SkyChinaIonizeDyeKnapTip
GetAudioComponent,TowChinaBotanical
Un,We
Use,Due
UnUseAudioComponent,UnDueChinaBotanical
Bgm,Red
setBgmCloseOneTime,LadRedFollyAgeSway
Replace,Diffuse
setBgmReplaceOneTime,LadRedDiffuseAgeSway
InitMusicMgr,PassBrownTip
CheckUnUseAudioComponent,FaunaWeDueChinaBotanical
SetAllEffectVolume,GunEyeClutchImpart
PlayBgBase,TossMeGold
PlayEffectBase,TossClutchGold
PlayBg,TossMe
PlayEffect,TossClutch
remove,Winner
removeEffectName,WinnerClutchHail
getVolume,WhyImpart
SetBool,GunWhen
GetBool,TowWhen
SetString,GunSmooth
GetString,TowSmooth
SetFloat,GunGenre
GetFloat,TowGenre
SetInt,GunWok
GetInt,TowWok
Array,Cause
SetIntArray,GunWokCause
GetIntArray,TowWokCause
SetFloatArray,GunGenreCause
GetFloatArray,TowGenreCause
SetStringArray,GunSmoothCause
GetStringArray,TowSmoothCause
Vector,Entail
SetVector,GunEntail
SetVector2,GunEntail2
GetVector,TowEntail
GetVector2,TowEntail2
SetVector3,GunEntail3
GetVector3,TowEntail3
Quaternion,Unexplored
SetQuaternion,GunUnexplored
GetQuaternion,TowUnexplored
SetDouble,GunMakeup
GetDouble,TowMakeup
DoUpdate,MyTenant
Anchor,Dredge
SetAnchor,GunDredge
Pivot,Skill
SetPivot,GunSkill
layout,Infest
layoutAction,InfestUnload
AdjustInit,CavernPass
SaveAdjustAdid,MoreCavernJoin
GetAdjustAdid,TowCavernJoin
Status,Barrel
GetAdjustStatus,TowCavernBarrel
OldUserSet,JoyEverGun
InitAdjustData,PassCavernBulk
AddActCount,SkyCupRigor
LoadAdjustOnAct,RaceCavernDyCup
ResetActCount,CrestCupRigor
GetAdjustTime,TowCavernSway
setAdjustAdid,LadCavernJoin
Ads,Hub
InitializeRewardedAds,ConversionCheerfulHub
LoadRewardedAd,RaceCheerfulOf
LoadInterstitial,RaceParticipator
play,Pour
Video,Steel
playRewardVideo,PourSecretSteel
playInterstitialAd,PourParticipatorOf
playInterstitial,PourParticipator
Repeat,Regard
Method,Primal
RepeatMethod,RegardPrimal
NoThanksAddCount,ToBreechSkyRigor
PauseTimeInterstitial,HasteSwayParticipator
ResumeTimeInterstitial,RetoolSwayParticipator
UpdateTrialNum,TenantBraveGod
Register,Engineer
Callback,Unfairly
RegisterPlayCallback,EngineerTossUnfairly
After,Perry
AfterAdPlaySuccess,PerryOfTossRagtime
GetTotalAdNum,TowAnkleOfGod
Pin,Rye
Market,Chilly
OpenAPPinMarket,EpicAPRyeChilly
Remove,Belong
gaidAction,OpenUnload
aidAction,PegUnload
idfaSuccess,MuteRagtime
idfaFail,MuteCalm
Country,Fateful
getCountry,WhyFateful
GetConfigData,TowShieldBulk
Loaction,Displace
GetLoactionData,TowDisplaceBulk
SetConfigData,GunShieldBulk
GameReady,LadeDrive
Out,Pay
NetWorkTimeOut,SapKnotSwayPay
SendAdjustAdid,CanyCavernJoin
CheckAdjustNetwork,FaunaCavernSuspend
GetUserInfo,TowEverScan
ReGetUserInfo,AtTowEverScan
autoMessage,LobeFanwise
Para,Oven
SendNoParaEvent,CanyToOvenSense
send,Well
sendGameProgress,WellLadeProbable
SendEvent,CanySense
SendPost,CanyPlow
endRequest,NutHormone
Http,Rust
HttpGet,RustTow
HttpPost,RustPlow
Json,Fond
HttpPostJson,RustPlowFond
Process,Lantern
ProcessRequest,LanternHormone
CreateWebRequest,ComedyTapHormone
Cleanup,Blanket
CleanupRequest,BlanketHormone
Cancel,Modify
CancelRequest,ModifyHormone
Requests,Mosquito
CancelAllRequests,ModifyEyeMosquito
Recycle,Mediate
RecycleAll,MediateEye
CreateObjectPool,ComedyWanderLuce
GetGameObject,TowLadeWander
RecycleGameObject,MediateLadeWander
Query,Carve
QueryPool,CarveLuce
GetInstance,TowVariance
autoCloseToast,LobeFollyPhoto
ShowToast,PearPhoto
Content,Disrupt
setContentLayout,LadDisruptLiable
IsApple,MyUnder
Online,Oregon
CheckOnlineData,FaunaOregonBulk
GetDistance,TowGrandeur
Editor,Domain
IsEditor,MyDomain
Portrait,Endanger
IsPortrait,MyEndanger
GetTimestamp,TowInfertile
Format,Fleshy
DateTimeFormat,TossSwayFleshy
Seconds,Eagerly
SecondsToDateTime,EagerlyNoTossSway
SecondsFormat,EagerlyFleshy
DoubleToStr,MakeupNoShy
Foe,Gut
Freely,Simply
FoeFreely,GutSimply
FoeFreelyFloat,GutSimplyGenre
GetWeightRandom,TowGospelBallad
GetWeightRandomIndex,TowGospelBalladTwain
Chance,Tariff
InChance,AtTariff
Sort,Hour
RandomSort,BalladHour
Enum,Area
ToEnum,NoArea
BoxTimeInterval,IceSwayOrnament
And,Big
ResetAndStartBox,CrestAndCabinIce
StopBox,LumpIce
Enable,Sewage
SetBoxBtnEnable,GunIceWebSewage
Disable,Subside
SetBoxBtnDisable,GunIceWebSubside
RestartBox,AmateurIce
Fly,Sex
CreateFlyBox,ComedyFlyIce
FlyPause,SexHaste
FlyResume,SexRetool
SetBtnEnable,GunWebSewage
SetBtnDisable,GunWebSubside
PopAction,EatUnload
FlyMoveAction,SexMustUnload
playAction,PourUnload
CloseIconImg,FollyLordMad
ShowIconImg,PearLordMad
CloseRewardImg,FollySecretMad
ShowRewardImg,PearSecretMad
CloseObj,FollyCop
InitRewardObjData,PassSecretCopBulk
InitThanksObjData,PassBreechCopBulk
Crad,Kiwi
CradAnimation,KiwiIngenuity
ShowTarget,PearAlbedo
shootBall,AffixFast
FeverAnimation,CloseIngenuity
refresh,Mortise
refreshCount,MortiseRigor
dropMoreCoin,IdeaHangView
dropMoreCoinWaitTime,IdeaHangViewMoatSway
dropCoin,IdeaView
setHaptic,LadBottle
haptic,Crunch
hapticUnlockWaitTime,CrunchPicnicMoatSway
Rotate,Vagary
getRotateRandom,WhyVagaryBallad
feverStartRefresh,ToothCabinPottery
feverEndRefresh,ToothIllPottery
dropBall,IdeaFast
DropCoin,GoldView
touchUnlockWaitTime,SplitPicnicMoatSway
pauseAllBall,MuralEyeFast
resumeAllBall,ScantyEyeFast
feverStartBoxRefresh,ToothCabinIcePottery
feverEndBoxRefresh,ToothIllIcePottery
feverStartAutoDropBall,ToothCabinCultGoldFast
feverEndAutoDropBall,ToothIllCultGoldFast
autoDropBallWaitTime,LobeGoldFastMoatSway
Many,Seek
creatManyCoin,PoundSeekView
ShowCounterText,PearNervousPort
ShowPauseTimeInterstitial,PearHasteSwayParticipator
GetAppSettingMaxNumber,TowBigWhittleYewSenate
Analysis,Unproven
InitAndAnalysisJson,PassBigUnprovenFond
Msg,Wax
Listener,Whenever
AddMsgListener,SkyWaxWhenever
RemoveMsgListener,BelongWaxWhenever
ClearAllMsgListener,SouthEyeWaxWhenever
SendMessage,CanyFanwise
Resource,Skeleton
LoadResource,RaceSkeleton
Asset,Smoke
LoadAsset,RaceSmoke
SetMaskWindow,GunWordRugged
HideMaskWindow,AfarWordRugged
CancelMaskWindow,ModifyWordRugged
Find,Flax
The,Yew
Child,Chick
FindTheChildNode,FlaxTheChickList
GetTheChildNodeComponentScripts,TowYewChickListBotanicalAverage
AddChildNodeComponent,SkyChickListBotanical
AddChildNodeToParentNode,SkyChickListNoOnwardList
ShowText,PearPort
InitLauguageCache,PassMandibleTonal
FindChildAddComponent,FlaxChickSkyBotanical
Freeze,Unseen
Rigister,Figurine
RigisterButtonObjectEvent,FigurineBreechWanderSense
OpenUIForm,EpicUIPeak
CloseUIForm,FollyUIPeak
Receive,Lacquer
ReceiveMessage,LacquerFanwise
AddPanel,SkyPlank
Sub,Gem
SubPanel,GemPlank
Loading,Fibrous
InitRootCanvasLoading,PassTendStripeFibrous
ShowUIForms,PearUIStain
Return,Hander
CloseOrReturnUIForms,FollyNoHanderUIStain
Next,Page
ShowNextPopUp,PearPageEatNo
ClearWaitUIForms,SouthMoatUIStain
Catch,Clean
LoadFormsToALLUIFormsCatch,RaceStainNoALLUIStainClean
LoadUIForm,RaceUIPeak
EnterUIFormsCache,BrawlUIStainTonal
ExitUIFormsCache,DareUIStainTonal
Formst,Trader
Other,Troop
EnterUIFormstToCacheHideOther,BrawlUITraderNoTonalAfarOther
EnterUIFormsCacheWaitClose,BrawlUIStainTonalMoatFolly
ExitUIFormsFromCacheAndShowOther,DareUIStainPermTonalBigPearTroop
PushUIForms,SourUIStain
PopUIForms,EatUIStain
InitUIFormsPathsData,PassUIStainOrbitBulk
Stack,Shrub
ClearStackArray,SouthShrubCause
GetCurrentFormStack,TowExtinctPeakShrub
GetPanelByName,TowPlankAtHail
Opening,Coaming
Panels,Marvel
GetOpeningPanels,TowCoamingMarvel
pagechange,Ecological
SetPageIndex,GunMoatTwain
SetData,GunBulk
UpdateItem,TenantLess
PopItem,EatLess
PushItem,SourLess
AddItem,SkyLess
CameraLayout,UprootLiable
Stone,Tenth
MovingStoneController,ShovelTenthInstrument
Vscroll,Flannel
UVscroll,UFlannel
AnimationController,IngenuityInstrument
CustomPrint,BlowerSmelt
Dictionaries,Metropolitan
MergeDictionaries,SwearMetropolitan
System,Matter
GetSystemData,TowMatterBulk
NotificationManager,EthnographicUncover
PoolManager,LuceUncover
Hand,Bear
Anmi,Rain
HandAnmiController,HandRainInstrument
Guide,Truly
NewUserGuideController,JobEverTrulyInstrument
NormalRewardPopController,VerifySecretEatInstrument
NormalSlotController,VerifyMuchInstrument
Bridge,Africa
DataBridgeManager,BulkAfricaUncover
FeverTimeManager,CloseSwayUncover
GameDataManager,LadeBulkUncover
MainManager,CropUncover
NewFeverTimeManager,JobCloseSwayUncover
Panle,Group
NormalPanleManager,VerifyGroupUncover
RewardPanelManager,SecretPlankUncover
SkillManager,ErodeUncover
SteelBallManager,VagueFastUncover
CoinPagodaCreater,ViewElevenInvolve
Collider,Sewerage
ColliderBlock,SewerageNoble
GetPusherCollider,TowDenialSewerage
PusherAnimationManager,DenialIngenuityUncover
PusherManager,DenialUncover
RewardItemSaveData,SecretLessMoreBulk
RewardItemPerfabs,SecretLessDogwood
PusherRewardItem,DenialSecretLess
PusherSlotBoxCollider,DenialMuchIceSewerage
RemovePusherCollider,BelongDenialSewerage
RigidbodyPause,SiliceousHaste
UnlockPagoda,PicnicEleven
SlotManager,MuchUncover
SlotObjController,MuchCopInstrument
SlotObjGroupController,MuchCopRoostInstrument
BigWinBonusPanel,LugBadFlairPlank
GamePanel,LadePlank
Insert,Stifle
Tips,Deal
InsertTips,StifleDeal
JewelryStorePanel,DisposeCrowdPlank
LoadingPanel,FibrousPlank
LuckyCardPanel,SplitReelPlank
MoreDropCoinPanel,HangGoldViewPlank
MoreRewardPanel,HangSecretPlank
MoreSlotPanel,HangMuchPlank
Skin,Sing
NewSkinSettingPanel,JobSingWhittlePlank
NormalWinBonusPanel,VerifyBadFlairPlank
RateUsPanel,LullMePlank
ScratchCardPanel,DiseaseReelPlank
SettingPanel,WhittlePlank
SlotGroup,MuchRoost
Circle,Leader
CircleMask,LeaderWord
Bubble,Repeat
BubbleDataItem,RepeatBulkLess
Guidance,Wireless
GuidanceEventPenetrate,WirelessSenseMagnetism
RectMaskPanel,SongWordPlank
RectMaskPanelFirst,SongWordPlankSense
Model,Bring
AudioModel,ChinaBring
AudioSourceQueue,ChinaIonizeBison
MusicMgr,BrownTip
Resources,Framework
MusicResourcesMgr,BrownFrameworkTip
MusicType,BrownOnce
Common,Falcon
CommonConfig,FalconShield
SaveDataManager,MoreBulkUncover
Animator,Suddenly
FrameAnimator,MaizeSuddenly
Archor,Stench
Tool,Swim
ArchorTool,StenchSwim
AutoLayout,CultLiable
AdjustInitManager,CavernPassUncover
ADManager,ADUncover
CustomData,BlowerBulk
Ad_CustomData,Of_BlowerBulk
RateUsManager,LullMeUncover
Center,Energy
Logic,Hatch
MessageCenterLogic,FanwiseEnergyHatch
MessageData,FanwiseBulk
CConfig,CShield
NetInfoMgr,SapScanTip
Script,Garden
PostEventScript,PlowSenseGarden
NetWorkGetObject,SapKnotTowWander
NetWorkManager,SapKnotUncover
Task,Putt
RequestTask,HormonePutt
NetWorkPostObject,SapKnotPlowWander
ObjectPool,WanderLuce
ObjectPoolManager,WanderLuceUncover
Mono,Mail
Singleton,Performer
MonoSingleton,MailPerformer
ToastManager,PhotoUncover
View,Lace
ScrollViewContentLayout,ChoiceLaceDisruptLiable
Util,Erie
CommonUtil,FalconErie
DateUtil,TossErie
NumberUtil,SenateErie
RandomUtil,BalladErie
StringUtil,SmoothErie
FlyBoxController,SexIceInstrument
FlyScript,SexGarden
PlayImageAnimation,TossEgyptIngenuity
JewelryObjController,DisposeCopInstrument
LuckyCardController,SplitReelInstrument
ScratchObjController,DiseaseCopInstrument
BallCreater,FastInvolve
ColumnItem,TwelveLess
ColumnManager,TwelveUncover
Cubeitem,Outright
PlinkoCoinCreater,EntombViewInvolve
PlinkoManager,EntombUncover
AdjustTestPanel,CavernLoopPlank
AdManagerTestPanel,OfUncoverLoopPlank
ConfigManagerByJson,ShieldUncoverAtFond
KeyValuesInfo,YamSludgeScan
KeyValuesNode,YamSludgeList
Sys,End
Define,London
SysDefine,EndLondon
Trigger,Factual
EventTriggerListener,SenseFactualWhenever
MessageCenter,FanwiseEnergy
KeyValuesUpdate,YamSludgeTenant
Anlysis,Imprint
Exception,Premature
JsonAnlysisException,FondImprintPremature
ResourcesMgr,FrameworkTip
UIMaskMgr,UIWordTip
Helper,Inform
UnityHelper,GrazeInform
LauguageMgr,MandibleTip
BaseUIForms,GoldUIStain
UIManager,UIUncover
UIType,UIOnce
Control,Rancher
MaskControl,WordRancher
PageView,MoatLace
ScrollView,ChoiceLace
UI,UI
UI_Btn,UI_Web
Buy,Lay
BuyCoinBG,LayViewBG
UI_BuyCoinBG,UI_LayViewBG
UI_Coin,UI_View
UI_BG_1,UI_BG_1
UI_BG_2,UI_BG_2
UI_BG_3,UI_BG_3
UI_BG_4,UI_BG_4
green,Mural
l,l
UI_Btn_green_l,UI_Web_Mural_l
UI_Btn_green_m,UI_Web_Mural_m
s,s
UI_Btn_green_s,UI_Web_Mural_s
UI_Btn_yellow_l,UI_Web_Massif_l
UI_Btn_yellow_m,UI_Web_Massif_m
UI_Btn_yellow_s,UI_Web_Massif_s
CloseBtn,FollyWeb
UI_CloseBtn,UI_FollyWeb
UI_Hand,UI_Bear
Movie,Repay
UI_Movie,UI_Repay
feverFX,ToothFX
feverFX_1,ToothFX_1
feverFX_2,ToothFX_2
feverFX_3,ToothFX_3
feverFX_4,ToothFX_4
feverFX_5,ToothFX_5
feverFX_6,ToothFX_6
feverFX_7,ToothFX_7
feverFX_8,ToothFX_8
feverFX_9,ToothFX_9
fever_1,Tooth_1
Bubble_Open_1,Repeat_Epic_1
Bubble_Open_2,Repeat_Epic_2
Bubble_Open_3,Repeat_Epic_3
Bubble_Open_4,Repeat_Epic_4
Bubble_Open_5,Repeat_Epic_5
Bubble_Open_6,Repeat_Epic_6
Bubble_Open_7,Repeat_Epic_7
Bubble_Open_8,Repeat_Epic_8
UI_Pop,UI_Eat
PopBox,EatIce
UI_PopBox,UI_EatIce
Atlas,Solid
Pirate,Seabed
Atlas_Pirate,Solid_Seabed
cardglow,Infinite
cardglow06,Infinite06
Circle01,Leader01
Circle02,Leader02
Circle03,Leader03
Purple,Meteor
Circle1_Purple,Leader1_Meteor
boke,Cope
circle_boke01,Gather_Cope01
soft,Seep
circle_soft02 1,Gather_Seep02 1
circle_soft02,Gather_Seep02
circle_soft03 1,Gather_Seep03 1
circle_soft03,Gather_Seep03
Cirlce,Ratify
Cirlce_Purple,Ratify_Meteor
cloud,Essay
cloud02,Essay02
hard,Wild
softshadow,Vertebrate
cloud_2x2_hard_softshadow,Essay_2x2_Wild_Vertebrate
cloud_2x2_soft,Essay_2x2_Seep
confetti,Hallmark
dd,Be
b,b
f,f
c,c
da,Be
e,e
de,Be
a,a
Ry,Be
Gu,Be
TRyGu,TBeBe
fw,Be
dd0b68f67c23b3da08e688e4513de21092981b992a883-4TRyGu_fw1200_3,Be0b68f67c23b3Be08e688e4513Be21092981b992a883-4TBeBe_Be1200_3
Effects,Recruit
Effects_Circle,Recruit_Leader
Glow,Horn
Effects_Glow,Recruit_Horn
GlowCircle,HornLeader
Effects_GlowCircle,Recruit_HornLeader
explosion,Incessant
spritesheet,Inclination
explosion_spritesheet_3x3,Incessant_Inclination_3x3
flare,Ocean
flare01,Ocean01
flare03,Ocean03
Flare,Honey
Flare_Circle_Purple,Honey_Leader_Meteor
Flare_Horizontal_Purple,Honey_Impossible_Meteor
BOX,BOX
Yellow,Bother
Flare_Open_BOX_Yellow,Honey_Epic_BOX_Bother
fondo,Scene
glow,Tusk
glow1,Tusk1
gradient,Maneuver
horizontal,Journalist
gradient_horizontal 1,Maneuver_Journalist 1
gradient_horizontal,Maneuver_Journalist
vertical,Beringia
gradient_vertical,Maneuver_Beringia
IconFX,LordFX
Sheet,Creep
IconFX8_Sheet_Yellow,LordFX8_Creep_Bother
Item_FX_1_Yellow 1,Less_FX_1_Bother 1
Item_FX_2_Yellow,Less_FX_2_Bother
Item_FX_5_Yellow,Less_FX_5_Bother
lightray,Organism
lightray2,Organism2
magic,Sepal
blast,Sepal
magic_blast,Sepal_Sepal
line,Bean
magic_line,Sepal_Bean
orb,Cud
magic_orb2,Sepal_Cud2
Ray,Hot
Ray01,Hot01
ring,Vein
ring02,Vein02
sickle,Typify
sickle06 1,Typify06 1
sickle06,Typify06
slotBG,ThenBG
slotBG_3,ThenBG_3
slotBG_4,ThenBG_4
sparkle,Seaweed
Spark,Fluke
Spark_02,Fluke_02
Spark_Purple,Fluke_Meteor
spikes,Puddle
spikes03,Puddle03
Star01,Teem01
TextureWorld,RespectAwait
T,T
VFX,VFX
Gradient,Addition
T_VFX_Gradient_01,T_VFX_Addition_01
LUT,LUT
Rainbow,Disgust
T_VFX_LUT_Rainbow_01,T_VFX_LUT_Disgust_01
Part,Star
T_VFX_Part_01,T_VFX_Star_01
T_VFX_Part_02,T_VFX_Star_02
T_VFX_Part_04,T_VFX_Star_04
Ring,Note
T_VFX_Ring_01,T_VFX_Note_01
T_VFX_Ring_02,T_VFX_Note_02
T_VFX_Ring_03,T_VFX_Note_03
T_VFX_Star_01,T_VFX_Teem_01
T_VFX_Star_02,T_VFX_Teem_02
Dengdai,Royalty
UI_Dengdai,UI_Royalty
Fx,To
FxGoldIcon,ToRimeLord
UI_FxGoldIcon,UI_ToRimeLord
wave,Kill
wave3,Kill3
NewSkinFeverBg,JobSingCloseMe
NewSkinFeverIcon,JobSingCloseLord
Progre,Stench
NewSkinFeverProgre,JobSingCloseStench
Am,If
UI_Am,UI_If
UI_Ball,UI_Fast
UI_Cash,UI_Dust
Cebian,Artist
UI_Cebian_1,UI_Artist_1
UI_Cebian_2,UI_Artist_2
UI_Cebian_3,UI_Artist_3
UI_Cebian_4,UI_Artist_4
UI_Cebian_Coin,UI_Artist_View
Di,If
UI_Cebian_Di,UI_Artist_If
common,Morris
UI_common,UI_Morris
UI_Fever,UI_Close
FeverProgress,CloseProbable
UI_FeverProgress,UI_CloseProbable
FeverProgressBG,CloseProbableBG
UI_FeverProgressBG,UI_CloseProbableBG
GoldBarBG,RimeRagBG
UI_GoldBarBG,UI_RimeRagBG
NewSkinCoin,JobSingView
UI_NewSkinCoin,UI_JobSingView
NewSkinStar,JobSingTeem
UI_NewSkinStar,UI_JobSingTeem
UI_Set,UI_Gun
SettingBtn,WhittleWeb
UI_SettingBtn,UI_WhittleWeb
UI_star,UI_Shed
UI_Time,UI_Sway
TimeCash,SwayDust
UI_TimeCash,UI_SwayDust
TopBar,EarRag
UI_TopBar,UI_EarRag
Zuanshi,Denmark
Shop,Epic
ZuanshiShop,DenmarkEpic
UI_ZuanshiShop,UI_DenmarkEpic
AM,AM
UI_AM_s,UI_AM_s
UI_Cash_s,UI_Dust_s
UI_Coin_s,UI_View_s
d,d
UI_common_d,UI_Morris_d
UI_Progress,UI_Probable
ProgressBG,ProbableBG
UI_ProgressBG,UI_ProbableBG
UI_star_s,UI_Shed_s
Z,Z
UI_Z_1,UI_Z_1
UI_Z_2,UI_Z_2
UI_Z_3,UI_Z_3
UI_Z_5,UI_Z_5
PopBG,EatBG
UI_PopBG,UI_EatBG
UI_PopBG_1,UI_EatBG_1
loading,Whereby
loadingBG,WherebyBG
UI_loadingBG,UI_WherebyBG
LoadingIcon,FibrousLord
UI_LoadingIcon,UI_FibrousLord
LoadingProgress,FibrousProbable
UI_LoadingProgress,UI_FibrousProbable
LoadingProgressBG,FibrousProbableBG
UI_LoadingProgressBG,UI_FibrousProbableBG
NewSkinLoadingBG,JobSingFibrousBG
UI_NewSkinLoadingBG,UI_JobSingFibrousBG
NewSkinLoadingProgress,JobSingFibrousProbable
UI_NewSkinLoadingProgress,UI_JobSingFibrousProbable
NewSkinLoadingProgressBG,JobSingFibrousProbableBG
UI_NewSkinLoadingProgressBG,UI_JobSingFibrousProbableBG
Title,Spore
NewSkinTitle,JobSingSpore
UI_NewSkinTitle,UI_JobSingSpore
UI_Card_1,UI_Reel_1
UI_Card_2,UI_Reel_2
UI_Card_3,UI_Reel_3
UI_Card_Back,UI_Reel_Ploy
Balls,Among
UI_Balls,UI_Among
Lao,Hut
Hu,If
Ji,If
LaoHuJi,HutIfIf
UI_LaoHuJi,UI_HutIfIf
UI_Hand_Ani_1,UI_Bear_Dry_1
UI_Hand_Ani_2,UI_Bear_Dry_2
UI_Hand_Ani_3,UI_Bear_Dry_3
UI_Hand_Ani_4,UI_Bear_Dry_4
UI_Hand_Ani_5,UI_Bear_Dry_5
UI_Hand_Ani_6,UI_Bear_Dry_6
UI_Hand_Ani_7,UI_Bear_Dry_7
UI_Hand_Ani_8,UI_Bear_Dry_8
UI_Hand_Ani_9,UI_Bear_Dry_9
NewPlayTextBG,JobTossPortBG
UI_NewPlayTextBG,UI_JobTossPortBG
UI_Off,UI_Our
UI_On,UI_Dy
SetIcon,GunLord
UI_SetIcon_1,UI_GunLord_1
UI_SetIcon_2,UI_GunLord_2
UI_SetIcon_3,UI_GunLord_3
SettingBG,WhittleBG
UI_SettingBG,UI_WhittleBG
LevelPopStar,WeedyEatTeem
UI_LevelPopStar,UI_WeedyEatTeem
LevelPopStarBG,WeedyEatTeemBG
UI_LevelPopStarBG,UI_WeedyEatTeemBG
CashRoll,DustFill
UI_CashRoll,UI_DustFill
n,n
UI_CashRoll_n,UI_DustFill_n
JL,JL
UI_JL_Am,UI_JL_If
UI_JL_Cash,UI_JL_Dust
UI_JL_Cash_Star,UI_JL_Dust_Teem
UI_JL_Coin,UI_JL_View
UI_JL_star,UI_JL_Shed
JZ,JZ
UI_JZ_Am,UI_JZ_If
UI_JZ_Cash,UI_JZ_Dust
UI_JZ_Cash_Star,UI_JZ_Dust_Teem
UI_JZ_Coin,UI_JZ_View
bar,Hat
UI_Win_bar,UI_Bad_Hat
Guagua,Unsung
UI_Guagua,UI_Unsung
GuaguaAm,UnsungIf
UI_GuaguaAm,UI_UnsungIf
GuaguaAmZ,UnsungIfZ
UI_GuaguaAmZ,UI_UnsungIfZ
GuaguaCash,UnsungDust
UI_GuaguaCash,UI_UnsungDust
GuaguaCoin,UnsungView
UI_GuaguaCoin,UI_UnsungView
GuaguaP,UnsungP
UI_GuaguaP,UI_UnsungP
GuaguaR,UnsungR
UI_GuaguaR,UI_UnsungR
GuaguaStar,UnsungTeem
UI_GuaguaStar,UI_UnsungTeem
UI_Guagua_BG,UI_Unsung_BG
UI_Guagua￥,UI_Unsung￥
Gua,Her
Quan,Hoof
GuaQuan,HerHoof
UI_GuaQuan,UI_HerHoof
WinGuagua,BadUnsung
dimian,Uranus
UI_WinGuagua_dimian,UI_BadUnsung_Uranus
You,Fox
YouGuagua,FoxUnsung
UI_YouGuagua_dimian,UI_FoxUnsung_Uranus
PopCardBG,EatReelBG
UI_PopCardBG,UI_EatReelBG
SlotCard,MuchReel
UI_SlotCard,UI_MuchReel
SlotPop,MuchEat
UI_SlotPop,UI_MuchEat
SlotPopBG,MuchEatBG
UI_SlotPopBG,UI_MuchEatBG
UI_7,UI_7
UI_Gold,UI_Rime
LH,LH
BigCoin,LugView
UI_LH_BigCoin,UI_LH_LugView
UI_Long,UI_Obey
UI_Up,UI_No
Zuan,Oust
Shi,Nss
ZuanShi,OustNss
UI_ZuanShi,UI_OustNss
UI_ZuanShi_Blue,UI_OustNss_Stag
UI_ZuanShi_Yellow,UI_OustNss_Bother
adf,Gem
be,ID
aefa,Hawk
ead,Gem
adf563d3be294aefa770634530d12ead,Gem563d3ID294Hawk770634530d12Gem
Arrow_1,Pluck_1
Arrow_2,Pluck_2
diego,Medal
silva,Medal
stylizedbrick,Irresponsibly
diego-silva-stylizedbrick-01,Medal-Medal-Irresponsibly-01
icon,Asia
Matcao,Ornate
Matcao1,Ornate1
Matcao2 1,Ornate2 1
Matcao2,Ornate2
Matcao3,Ornate3
Matcao4 1,Ornate4 1
Matcao4,Ornate4
Mat,Sac
Cap,Sac
MatCap,SacSac
MatCap_1,SacSac_1
matcap,Stream
crystal,Stewpot
matcap_crystal2,Stream_Stewpot2
glass,Leafy
matcap_glass,Stream_Leafy
slotBG_1,ThenBG_1
slotBG_2,ThenBG_2
slotBG_5,ThenBG_5
slotBG_6,ThenBG_6
Tex_1,Law_1
Tex_11,Law_11
Tex_12,Law_12
Tex_13,Law_13
Tex_14,Law_14
Tex_15,Law_15
Tex_16,Law_16
Tex_17,Law_17
Tex_18,Law_18
Tex_19,Law_19
Tex_2,Law_2
Tex_20,Law_20
Tex_21,Law_21
Tex_22,Law_22
Tex_23,Law_23
Tex_3,Law_3
Tex_4,Law_4
Tex_5,Law_5
Tex_6,Law_6
Tex_7,Law_7
Tex_9,Law_9
Tex_Cash_1,Law_Dust_1
Tex_Cash_10,Law_Dust_10
Tex_Cash_100,Law_Dust_100
Tex_Cash_200,Law_Dust_200
Tex_Cash_5,Law_Dust_5
Tex_Cash_50,Law_Dust_50
Tex_Cash_500,Law_Dust_500
Tex_Gold,Law_Rime
Tex_Gold_1,Law_Rime_1
Tex_Gold_10,Law_Rime_10
Tex_Gold_100,Law_Rime_100
Tex_Gold_200,Law_Rime_200
Tex_Gold_5,Law_Rime_5
Tex_Gold_50,Law_Rime_50
Tex_Gold_500,Law_Rime_500
Tex_NewSkinCoin,Law_JobSingView
G,G
UI_G01,UI_G01
Pingtai,Eternal
UI_Pingtai,UI_Eternal
TopBarBall,EarRagFast
UI_TopBarBall,UI_EarRagFast
x1,x1
x10,x10
x15,x15
x2,x2
x20,x20
x3,x3
x5,x5
x8,x8
SoundOff,SewerOur
UI_SoundOff,UI_SewerOur
SoundOn,SewerDy
UI_SoundOn,UI_SewerDy
Sound_PopShow,Sewer_EatPear
Coins,Mouse
Coins 06,Mouse 06
bag,Ted
gemstone,Specimen
coin_bag_ring_gemstone_item_01,Bond_Ted_Vein_Specimen_Ploy_01
coin_bag_ring_gemstone_item_02,Bond_Ted_Vein_Specimen_Ploy_02
coin_bag_ring_gemstone_item_03,Bond_Ted_Vein_Specimen_Ploy_03
coin_bag_ring_gemstone_item_04,Bond_Ted_Vein_Specimen_Ploy_04
coin_bag_ring_gemstone_item_05,Bond_Ted_Vein_Specimen_Ploy_05
coin_bag_ring_gemstone_item_06,Bond_Ted_Vein_Specimen_Ploy_06
coin_bag_ring_gemstone_item_07,Bond_Ted_Vein_Specimen_Ploy_07
coin_bag_ring_gemstone_item_08,Bond_Ted_Vein_Specimen_Ploy_08
coin_bag_ring_gemstone_item_09,Bond_Ted_Vein_Specimen_Ploy_09
coin_bag_ring_gemstone_item_10,Bond_Ted_Vein_Specimen_Ploy_10
coin_bag_ring_gemstone_item_11,Bond_Ted_Vein_Specimen_Ploy_11
coin_bag_ring_gemstone_item_12,Bond_Ted_Vein_Specimen_Ploy_12
coin_bag_ring_gemstone_item_13,Bond_Ted_Vein_Specimen_Ploy_13
coin_bag_ring_gemstone_item_14,Bond_Ted_Vein_Specimen_Ploy_14
coin_bag_ring_gemstone_item_15,Bond_Ted_Vein_Specimen_Ploy_15
GetCoin,TowView
Sound_BGM,Sewer_BGM
bomb,Wall
sound_column_bomb,Moist_Pebble_Wall
sound_column_normal,Moist_Pebble_Virtue
sound_drop_ball,Moist_Idea_Half
enter,Swing
sound_enter_box,Moist_Swing_Its
getReward,WhySecret
sound_getReward,Moist_WhySecret
setcolumn,Affiliate
sound_slot_setcolumn,Moist_Then_Affiliate
bgm,Hue
sound_bgm,Moist_Hue
open,Corp
sound_bigwin1_open,Moist_Detail1_Corp
wheel,Quiet
sound_bigwin1_wheel,Moist_Detail1_Quiet
sound_bigwin2_open,Moist_Detail2_Corp
allbox,Accord
sound_enter_allbox,Moist_Swing_Accord
sound_fever_bgm,Moist_Tooth_Hue
Sound_GoldCoin,Sewer_RimeView
Arm,Ppm
Bandit,Quincy
OneArmBandit,AgePpmQuincy
Sound_OneArmBandit,Sewer_AgePpmQuincy
sound_scratch_reward,Moist_Classic_Summer
slotwheel,Segregate
sound_slotwheel_rotate,Moist_Segregate_Mainly
sound_slotwheel_stop,Moist_Segregate_Slip
sound_slot_777,Moist_Then_777
sound_slot_reward,Moist_Then_Summer
UIButton,UIBreech
Sound_UIButton,Sewer_UIBreech
Ship,Road
Card_1,Reel_1
Card_2,Reel_2
CashCoin,DustView
CashCoin_1,DustView_1
CashCoin_10,DustView_10
CashCoin_100,DustView_100
CashCoin_200,DustView_200
CashCoin_5,DustView_5
CashCoin_50,DustView_50
CashCoin_500,DustView_500
GoldCoin_1,RimeView_1
GoldCoin_10,RimeView_10
GoldCoin_100,RimeView_100
GoldCoin_200,RimeView_200
GoldCoin_5,RimeView_5
GoldCoin_50,RimeView_50
GoldCoin_500,RimeView_500
GoldCoin_apple,RimeView_Raven
RewardItem,SecretLess
RollCash,FillDust
BaseSlotObj,GoldMuchCop
BoxItem,IceLess
FlyObj,SexCop
FX_777,FX_777
FX_Fever,FX_Close
FX_Group,FX_Roost
JewelryObj,DisposeCop
LightGroup,FloraRoost
LuckyCard,SplitReel
NormalRewardPop,VerifySecretEat
PusherGroup,DenialRoost
ScratchObj,DiseaseCop
SlotBG,MuchBG
SlotBG 1,MuchBG 1
HandAnim,BearHurl
CashOutPanel,DustPayPlank
NewSkinGamePanel,JobSingLadePlank
NewSkinGetCoinPanel,JobSingTowViewPlank
ServerData,RecoilBulk
IConfigManager,IShieldUncover
Manger,Hollow
UIManger,UIHollow
Particle,Nitrogen
UIParticleSystem,UINitrogenMatter
GameDict,LadeBull
NewSkin,JobSing

